Model,MAPE Score
DummyRegressor,0.10982078708680383
SVR,0.07986502540600501
Ridge,0.08223024837922577
