Model,MAPE Score
DummyRegressor,0.07986502540600501
SVR,0.07986502540600501
Ridge,0.07986502540600501
