Model,MAPE Score
DummyRegressor,0.10982078708680383
SVR,0.07986502540600511
Ridge,0.08223023632595203
